title,category_name,category_slug,price_uah,weight,pieces,description_items,url,image
Чіз з крабовим міксом,Авторські роли,avtorski-roli,199,,,рис; норі; мигдаль; краб; ікра масаго; огірок; соус сирний.,https://sushilubin.com.ua/offer/ciz-z-krabovim-miksom,https://firebasestorage.googleapis.com/v0/b/webui-f781c.appspot.com/o/velukuilubin%2Favtorski-roli%2F_.jpg?alt=media&token=4e32dcfe-33a4-4b63-8999-7d8d5e23a66a
Чіз з печеним лососем,Авторські роли,avtorski-roli,185,300-330 гр,,печений лосось; огірок; крем-сир; сир хохланд; сирний соус; норі; рис.,https://sushilubin.com.ua/offer/ciz-z-pecenim-lososem,https://firebasestorage.googleapis.com/v0/b/webui-f781c.appspot.com/o/velukuilubin%2Favtorski-roli%2F_.jpg?alt=media&token=5fed0df6-f9dc-440f-bdd0-fa6a99dcabc5
Футомак Бостон,Авторські роли,avtorski-roli,230,280-300 гр,,лосось; соус шрірача; огірок; салат вакаме; соус япі; масаго; норі; рис.,https://sushilubin.com.ua/offer/futomak-boston,https://firebasestorage.googleapis.com/v0/b/webui-f781c.appspot.com/o/velukuilubin%2Favtorski-roli%2F_.jpg?alt=media&token=6a583bc1-e4d6-41ff-bab3-ecd8f195905c
Футомак сакура хіяші,Авторські роли,avtorski-roli,180,260 гр,,масаго оранж; огірок; салат вакаме; кремсир; норі; рис.,https://sushilubin.com.ua/offer/futomak-sakura-hiasi,https://firebasestorage.googleapis.com/v0/b/webui-f781c.appspot.com/o/velukuilubin%2Favtorski-roli%2F_.jpg?alt=media&token=30d81864-0384-4d54-9545-04bcfd7152ce
Рол Бостон,Авторські роли,avtorski-roli,250,280-300 гр,,лосось слабосолений; крем-сир; огірок; горіховий соус; авокадо; кунжут; норі; рис.,https://sushilubin.com.ua/offer/rol-boston,https://firebasestorage.googleapis.com/v0/b/webui-f781c.appspot.com/o/velukuilubin%2Favtorski-roli%2F_.jpg?alt=media&token=0c1b8791-8bb1-4b3c-9df4-f3f0c649b6f0
Рол Де Маре,Авторські роли,avtorski-roli,280,300 гр,,Восьменіжки; креветка; лосось; кунжут; Унагі соус; сир; салат чука; авокадо; огірок; норі; рис.,https://sushilubin.com.ua/offer/rol-de-mare,https://firebasestorage.googleapis.com/v0/b/webui-f781c.appspot.com/o/velukuilubin%2Favtorski-roli%2F_.jpg?alt=media&token=7f65dd15-83f2-4189-a652-17a640f85614
Рол Дофу,Авторські роли,avtorski-roli,250,280 гр,,креветка в темпурі; огірок; крем-сир; соус сирний; сир хохланд; норі; рис.,https://sushilubin.com.ua/offer/rol-dofu,https://firebasestorage.googleapis.com/v0/b/webui-f781c.appspot.com/o/velukuilubin%2Favtorski-roli%2F_.jpg?alt=media&token=743c2501-b70f-4972-8a0b-ca870163f32b
Рол Гейша,Авторські роли,avtorski-roli,289,300-330 гр,,лосось; масляна; креветка; авокадо; ікра масаго; ікра лососева; огірок; крем-сир; норі; рис.,https://sushilubin.com.ua/offer/rol-gejsa,https://firebasestorage.googleapis.com/v0/b/webui-f781c.appspot.com/o/velukuilubin%2Favtorski-roli%2F_.jpg?alt=media&token=a207a19b-eb3a-4083-a3a6-f7b93945f57b
Рол Статус (без сиру),Авторські роли,avtorski-roli,350,280 гр,,вугор; лосось; авокадо; огірок; кунжут; унагі соус.,https://sushilubin.com.ua/offer/rol-status-bez-siru,https://firebasestorage.googleapis.com/v0/b/webui-f781c.appspot.com/o/velukuilubin%2Favtorski-roli%2F_.jpg?alt=media&token=97c0ae6b-2410-478d-afb7-51adc6bda05e
Рол Токіо,Авторські роли,avtorski-roli,560,450 гр,,риба; огірок; норі; хохланд пластина.,https://sushilubin.com.ua/offer/rol-tokio,https://firebasestorage.googleapis.com/v0/b/webui-f781c.appspot.com/o/velukuilubin%2Favtorski-roli%2F_.jpg?alt=media&token=e5992300-8470-4d08-850b-98ab4008751e
Сакура хіяші із лососевою ікрою,Авторські роли,avtorski-roli,180,280 гр,,норі; рис; хіяші вакаме; огірок; сир; лососева ікра; мікрогрін.,https://sushilubin.com.ua/offer/sakura-hiasi-iz-lososevou-ikrou,https://firebasestorage.googleapis.com/v0/b/webui-f781c.appspot.com/o/velukuilubin%2Favtorski-roli%2F_.jpg?alt=media&token=819c0072-f793-49b8-8773-364d6a5f285f
Сет Айше,Авторські сети,avtorski-seti,599,650 гр,,Рол Бостон; Червоний дракон,https://sushilubin.com.ua/offer/set-ajse,https://firebasestorage.googleapis.com/v0/b/webui-f781c.appspot.com/o/velukuilubin%2Favtorski-seti%2F_.jpg?alt=media&token=c01db88c-91a9-4757-a806-ea4d1f707b50
Сет Яскравий мікс,Авторські сети,avtorski-seti,899,"1,5 кг",,Філадельфія вугор огірок; Каліфорнія креветка; Філадельфія грін; Сирний 2д; Сапі з лососем,https://sushilubin.com.ua/offer/set-askravij-miks,https://firebasestorage.googleapis.com/v0/b/webui-f781c.appspot.com/o/velukuilubin%2Favtorski-seti%2F_.png?alt=media&token=9016e8b6-3823-42ad-86a0-7d935e963ee4
Сет Буржуй,Авторські сети,avtorski-seti,1299,"1,850 кг",,Філадельфія масляна; Філадельфія тунець; Гейша; Філадельфія грін; Філадельфія креветка; Філадельфія чіз,https://sushilubin.com.ua/offer/set-burzuj,https://firebasestorage.googleapis.com/v0/b/webui-f781c.appspot.com/o/velukuilubin%2Favtorski-seti%2F_.jpg?alt=media&token=ab5a30ea-3e73-4086-95bc-7959bc01f393
Сет Дарик,Авторські сети,avtorski-seti,1199,"1,5 кг",,Каліфорнія огайо; Каліфорнія доре; Філадельфія креветка; Гейша; Філадельфія класична,https://sushilubin.com.ua/offer/set-darik,https://firebasestorage.googleapis.com/v0/b/webui-f781c.appspot.com/o/velukuilubin%2Favtorski-seti%2F_.jpg?alt=media&token=1bc5add1-ceda-425b-9bcb-e0e296ea5e93
Сет Елітний,Авторські сети,avtorski-seti,1100,"1,6 кг",,Філадельфія креветка; Філадельфія грін; Гейша; Філадельфія тунець; Філадельфія класична,https://sushilubin.com.ua/offer/set-elitnij,https://firebasestorage.googleapis.com/v0/b/webui-f781c.appspot.com/o/velukuilubin%2Favtorski-seti%2F_.jpg?alt=media&token=8e68bbf8-d202-41ba-8772-14b27ce030ad
Сет Kids,Авторські сети,avtorski-seti,300,600 гр,,Сирний три сира; Філадельфія грін печений лосось,https://sushilubin.com.ua/offer/set-kids,https://firebasestorage.googleapis.com/v0/b/webui-f781c.appspot.com/o/velukuilubin%2Favtorski-seti%2F_Kids.jpg?alt=media&token=21799067-2da4-4b68-bcd2-75f225f9d4a0
Сет Королівський,Авторські сети,avtorski-seti,1050,"1,5 кг",,Футомак бостон; Філадельфія вугор; Каліфорнія креветка; Філадельфія чіз; Тунець з чука салатом,https://sushilubin.com.ua/offer/set-korolivskij,https://firebasestorage.googleapis.com/v0/b/webui-f781c.appspot.com/o/velukuilubin%2Favtorski-seti%2F_.jpg?alt=media&token=4a56e01c-3b92-44ef-9f9d-a35fe4b2e8d7
Сет Крута ціна,Авторські сети,avtorski-seti,950,"1,450 кг",,Філадельфія манго; Сяке з чука салатом; Сяке з печеним лососем; Сапі з лососем; Сапі з тунцем,https://sushilubin.com.ua/offer/set-kruta-cina,https://firebasestorage.googleapis.com/v0/b/webui-f781c.appspot.com/o/velukuilubin%2Favtorski-seti%2F_.jpg?alt=media&token=d07eed10-32ec-4039-92d8-2ffb117075a3
Сет Лідер,Авторські сети,avtorski-seti,999,"1,2 кг",,Філадельфія креветка; Філадельфія вугор; Гейша; Філадельфія лососева ікра,https://sushilubin.com.ua/offer/set-lider,https://firebasestorage.googleapis.com/v0/b/webui-f781c.appspot.com/o/velukuilubin%2Favtorski-seti%2F_.jpg?alt=media&token=8036836b-92fb-4c2c-b3b1-1975f98b9579
Сет Ніжний,Авторські сети,avtorski-seti,899,"1,2 кг",,Каліфорнія краб; Бостон; Філадельфія масляна; Філадельфія класична,https://sushilubin.com.ua/offer/set-niznij,https://firebasestorage.googleapis.com/v0/b/webui-f781c.appspot.com/o/velukuilubin%2Favtorski-seti%2F_.png?alt=media&token=8cac4ba9-cd35-4179-bada-35d9185291a4
Сет Престиж,Авторські сети,avtorski-seti,1000,"1,5 кг",,Футомак з кальмаром; Філадельфія тунець; Філадельфія грін; Філадельфія креветка; Філадельфія вугор огірок,https://sushilubin.com.ua/offer/set-prestiz,https://firebasestorage.googleapis.com/v0/b/webui-f781c.appspot.com/o/velukuilubin%2Favtorski-seti%2F_.jpg?alt=media&token=16bf6dea-0dc8-416a-8045-46b55f324f10
Сет Рибний делюкс,Авторські сети,avtorski-seti,1000,"1,2 кг",,Філадельфія креветка; Філадельфія класична; Гейша; Філадельфія тунець,https://sushilubin.com.ua/offer/set-ribnij-deluks,https://firebasestorage.googleapis.com/v0/b/webui-f781c.appspot.com/o/velukuilubin%2Favtorski-seti%2F_.jpg?alt=media&token=52aea6a6-7445-4e3a-8dd0-d7210a45cbe4
Сет Рибний на двох,Авторські сети,avtorski-seti,699,"0,9 кг",,Філадельфія креветка; Філадельфія класична; Футомак бостон,https://sushilubin.com.ua/offer/set-ribnij-na-dvoh,https://firebasestorage.googleapis.com/v0/b/webui-f781c.appspot.com/o/velukuilubin%2Favtorski-seti%2F_.jpg?alt=media&token=1946dd60-b32d-431b-b091-1950914d5f56
Сет Рівень,Авторські сети,avtorski-seti,1250,"1,5 кг",,Каліфорнія огайо; Чорний дракон; Сирний з вугром; Філадельфія креветка; Футомак мікс без сиру,https://sushilubin.com.ua/offer/set-riven,https://firebasestorage.googleapis.com/v0/b/webui-f781c.appspot.com/o/velukuilubin%2Favtorski-seti%2F_.jpg?alt=media&token=96c4c709-1cbc-4d97-be72-fbb3a21aa838
Сет Статус,Авторські сети,avtorski-seti,1099,"1,5 кг",,Філадельфія вугор авокадо; Філадельфія лососева ікра; Сяке з печеним лососем; Каліфорнія огайо; Тунець з чука салатом,https://sushilubin.com.ua/offer/set-status,https://firebasestorage.googleapis.com/v0/b/webui-f781c.appspot.com/o/velukuilubin%2Favtorski-seti%2F_.png?alt=media&token=34e723ff-94cf-434b-9e43-14d5860992a7
Сет запечені роли №1,Авторські сети,avtorski-seti,599,780 гр,,Фуджі з тунцем; Запечений з вугром; Запечений з крабом,https://sushilubin.com.ua/offer/set-zapeceni-roli-1,https://firebasestorage.googleapis.com/v0/b/webui-f781c.appspot.com/o/velukuilubin%2Favtorski-seti%2F_1.jpg?alt=media&token=d49d73f4-88b6-4b02-a55c-bdccf468a920
Сет Запечені роли №2,Авторські сети,avtorski-seti,580,780 гр,,Запечений з вугром; Запечений Айсі креветка; Запечений спайсі мідія,https://sushilubin.com.ua/offer/set-zapeceni-roli-2,https://firebasestorage.googleapis.com/v0/b/webui-f781c.appspot.com/o/velukuilubin%2Favtorski-seti%2F_2.jpg?alt=media&token=6857a712-b037-4142-96b3-36b38e50c304
Торт Каприз,Авторські сети,avtorski-seti,950,"1,4 кг",,,https://sushilubin.com.ua/offer/tort-kapriz,https://firebasestorage.googleapis.com/v0/b/webui-f781c.appspot.com/o/velukuilubin%2Favtorski-seti%2F_.jpg?alt=media&token=b219cb81-ad14-4408-8492-6ebee13c646c
Торт Love You,Авторські сети,avtorski-seti,1050,"1,5 кг",,,https://sushilubin.com.ua/offer/tort-love-you,https://firebasestorage.googleapis.com/v0/b/webui-f781c.appspot.com/o/velukuilubin%2Favtorski-seti%2F_Love_You.jpg?alt=media&token=24db3454-f898-44ab-931d-3ee987dbe315
Бургер краб-креветка,Бургери,burgeri,290,330-350 гр,,авокадо; краб; креветка; сир хохланд; масаго; соус сирний.,https://sushilubin.com.ua/offer/burger-krabkrevetka,https://firebasestorage.googleapis.com/v0/b/webui-f781c.appspot.com/o/velukuilubin%2Fburgeri%2F_-_.jpg?alt=media&token=f9b622a4-9efc-4006-9ecf-7e8883cc3788
Бургер Лосось - вугор,Бургери,burgeri,315,330-350 гр,,вугор; лосось; кранч цибулевий; соус унагі; авокадо; масаго; сир крем.,https://sushilubin.com.ua/offer/burger-losos-vugor,https://firebasestorage.googleapis.com/v0/b/webui-f781c.appspot.com/o/velukuilubin%2Fburgeri%2F_-_.jpg?alt=media&token=81465ef5-f7cc-42ee-8bf6-e9c4a32fd95c
Бургер тунець-лосось,Бургери,burgeri,284,330-350 гр,,авокадо; тунець; лосось; соус шрірача; масаго; соус япі; айсберг.,https://sushilubin.com.ua/offer/burger-tuneclosos,https://firebasestorage.googleapis.com/v0/b/webui-f781c.appspot.com/o/velukuilubin%2Fburgeri%2F_-_.jpg?alt=media&token=6028b9d1-e90a-40d2-b7e4-82691a37ecc6
Бургер з куркою,Бургери,burgeri,199,330-350 гр,,курка; помідор; сир хохланд; соус япі; соус сирний; ікра масаго; айсберг.,https://sushilubin.com.ua/offer/burger-z-kurkou,https://firebasestorage.googleapis.com/v0/b/webui-f781c.appspot.com/o/velukuilubin%2Fburgeri%2F_.jpg?alt=media&token=06780925-d3bd-4693-b636-ca29be84a891
Чука салат,Чука салат,cuka-salat,99,100 гр,,,https://sushilubin.com.ua/offer/cuka-salat,https://firebasestorage.googleapis.com/v0/b/webui-f781c.appspot.com/o/velukuilubin%2Fcuka-salat%2F_.jpg?alt=media&token=df2a7a71-d16e-4080-8eb9-48c0659dc677
Чука салат під горіховим соусом,Чука салат,cuka-salat,150,100 гр,,,https://sushilubin.com.ua/offer/cuka-salat-pid-gorihovim-sousom,https://firebasestorage.googleapis.com/v0/b/webui-f781c.appspot.com/o/velukuilubin%2Fcuka-salat%2F_.jpg?alt=media&token=81e4f37a-a1f2-4d3a-9a70-511518cf3740
Чука салат з креветкою,Чука салат,cuka-salat,229,180 гр,,,https://sushilubin.com.ua/offer/cuka-salat-z-krevetkou,https://firebasestorage.googleapis.com/v0/b/webui-f781c.appspot.com/o/velukuilubin%2Fcuka-salat%2F_.jpg?alt=media&token=26014329-224a-4c74-af69-8dc2194ec3f7
Чука салат з восьменіжкою,Чука салат,cuka-salat,175,160 гр,,,https://sushilubin.com.ua/offer/cuka-salat-z-vosmenizkou,https://firebasestorage.googleapis.com/v0/b/webui-f781c.appspot.com/o/velukuilubin%2Fcuka-salat%2F_.jpg?alt=media&token=c56a39cd-e7b4-4752-962f-e8da55cafa1c
Дубайський шоколад,Десерти,deserti,160,110 гр,,,https://sushilubin.com.ua/offer/dubajskij-sokolad,https://firebasestorage.googleapis.com/v0/b/webui-f781c.appspot.com/o/velukuilubin%2Fdeserti%2F_.jpg?alt=media&token=3e9fbf92-7ce9-4619-91e6-f4c8e4855915
Макарунси,Десерти,deserti,85,,1,,https://sushilubin.com.ua/offer/makarunsi,https://firebasestorage.googleapis.com/v0/b/webui-f781c.appspot.com/o/velukuilubin%2Fdeserti%2F_.jpg?alt=media&token=8e9d93d5-b99b-4b53-afb6-9f9bb26c3cca
Моті,Десерти,deserti,70,,1,,https://sushilubin.com.ua/offer/moti,https://firebasestorage.googleapis.com/v0/b/webui-f781c.appspot.com/o/velukuilubin%2Fdeserti%2F_.jpg?alt=media&token=48422f00-8d59-458f-a773-2495df1eb88c
Бокс коробка,Додатки,dodatki,10,,1,,https://sushilubin.com.ua/offer/boks-korobka,https://www.facebook.com/tr?id=257589707174520&ev=PageView&noscript=1
Імбир,Додатки,dodatki,15,50 гр,,,https://sushilubin.com.ua/offer/imbir,https://firebasestorage.googleapis.com/v0/b/webui-f781c.appspot.com/o/velukuilubin%2Fdodatki%2F_.jpg?alt=media&token=e1244261-0a0a-47cb-ab8a-3c0a96b21398
Навчальний багаторазовий фіксатор,Додатки,dodatki,5,,1,,https://sushilubin.com.ua/offer/navcalnij-bagatorazovij-fiksator,https://www.facebook.com/tr?id=257589707174520&ev=PageView&noscript=1
Прибор,Додатки,dodatki,5,,1,,https://sushilubin.com.ua/offer/pribor,https://www.facebook.com/tr?id=257589707174520&ev=PageView&noscript=1
Соус горіховий,Додатки,dodatki,50,30 гр,,,https://sushilubin.com.ua/offer/sous-gorihovij,https://www.facebook.com/tr?id=257589707174520&ev=PageView&noscript=1
Соус соєвий бутилка,Додатки,dodatki,30,150 гр,,,https://sushilubin.com.ua/offer/sous-soevij-butilka,https://www.facebook.com/tr?id=257589707174520&ev=PageView&noscript=1
Соус унагі,Додатки,dodatki,40,30 гр,,,https://sushilubin.com.ua/offer/sous-unagi,https://www.facebook.com/tr?id=257589707174520&ev=PageView&noscript=1
Васабі,Додатки,dodatki,15,20 гр,,,https://sushilubin.com.ua/offer/vasabi,https://firebasestorage.googleapis.com/v0/b/webui-f781c.appspot.com/o/velukuilubin%2Fdodatki%2F_.jpg?alt=media&token=57d24699-0a43-440a-8ece-8685d3c75962
Червоний дракон,Дракон,drakon,359,300-330 гр,,лосось слабосолений; креветка королівська; крем-сир; огірок; авокадо; норі; рис.,https://sushilubin.com.ua/offer/cervonij-drakon,https://firebasestorage.googleapis.com/v0/b/webui-f781c.appspot.com/o/velukuilubin%2Fdrakon%2F_.jpg?alt=media&token=4206cf48-290f-4652-b38a-11a91aced853
Чорний дракон,Дракон,drakon,399,300-330 гр,,вугор; лосось слабосолений; авокадо; огірок; крем-сир; соус унагі; кунжут; ікра масаго; норі; рис.,https://sushilubin.com.ua/offer/cornij-drakon,https://firebasestorage.googleapis.com/v0/b/webui-f781c.appspot.com/o/velukuilubin%2Fdrakon%2F_.jpg?alt=media&token=a55688b0-b257-4cfb-81fe-f98f928513cc
Зелений дракон,Дракон,drakon,299,300-330 гр,,вугор; авокадо; огірок; крем-сир; соус унагі; кунжут; ікра масаго; норі; рис.,https://sushilubin.com.ua/offer/zelenij-drakon,https://firebasestorage.googleapis.com/v0/b/webui-f781c.appspot.com/o/velukuilubin%2Fdrakon%2F_.jpg?alt=media&token=94f1c28a-2ec5-4ba5-a978-08bf3e34d91a
Золотий дракон,Дракон,drakon,399,360 гр,,лосось; рис; норі; креветка; айсберг; сирна пластина; мікрогрін.,https://sushilubin.com.ua/offer/zolotij-drakon,https://firebasestorage.googleapis.com/v0/b/webui-f781c.appspot.com/o/velukuilubin%2Fdrakon%2F_.jpg?alt=media&token=9a3fe7df-32c2-423c-afe4-acdb10c7aa5d
Філадельфія авокадо,Філадельфія,filadelfia,250,300-330 гр,,лосось слабосолений; крем-сир; авокадо; мигдалеві пластівці; норі; рис.,https://sushilubin.com.ua/offer/filadelfia-avokado,https://firebasestorage.googleapis.com/v0/b/webui-f781c.appspot.com/o/velukuilubin%2Ffiladelfia%2F_.jpg?alt=media&token=9a17096a-8dc4-4273-933d-33b69e9c402f
Філадельфія Black Rice,Філадельфія,filadelfia,280,300-330 гр,,лосось слабосолений; крем-сир; авокадо; норі; рис чорний.,https://sushilubin.com.ua/offer/filadelfia-black-rice,https://firebasestorage.googleapis.com/v0/b/webui-f781c.appspot.com/o/velukuilubin%2Ffiladelfia%2F_Black_Rice.jpg?alt=media&token=a9ace480-d3e4-469a-a972-d3f2ed4aa960
Філадельфія чіз,Філадельфія,filadelfia,225,300-330 гр,,лосось слабосолений; сир моцарела; крем-сир; пластина хохланд сир; норі; рис.,https://sushilubin.com.ua/offer/filadelfia-ciz,https://firebasestorage.googleapis.com/v0/b/webui-f781c.appspot.com/o/velukuilubin%2Ffiladelfia%2F_.jpg?alt=media&token=7c358bd5-0831-44b5-879e-1bdfd9ec4415
Філадельфія грін печений лосось,Філадельфія,filadelfia,159,280-300 гр,,печений лосось; крем-сир; огірок; лососева ікра; норі; рис.,https://sushilubin.com.ua/offer/filadelfia-grin-pecenij-losos,https://firebasestorage.googleapis.com/v0/b/webui-f781c.appspot.com/o/velukuilubin%2Ffiladelfia%2F_.jpg?alt=media&token=3b75af4e-9a80-47a0-8e7b-f68eae24d124
Філадельфія хіяші (під горіх.соусом),Філадельфія,filadelfia,279,300-330 гр,,салат вакаме хіяші; кунжут; лосось; горіховий соус; огірок; норі; рис.,https://sushilubin.com.ua/offer/filadelfia-hiasi-pid-gorihsousom,https://firebasestorage.googleapis.com/v0/b/webui-f781c.appspot.com/o/velukuilubin%2Ffiladelfia%2F_._.jpg?alt=media&token=9d0472f8-b19e-4f85-8a7c-a289fa55dee7
Філадельфія класична,Філадельфія,filadelfia,235,300-330 гр,,лосось слабосолений; крем-сир; огірок; норі; рис.,https://sushilubin.com.ua/offer/filadelfia-klasicna,https://firebasestorage.googleapis.com/v0/b/webui-f781c.appspot.com/o/velukuilubin%2Ffiladelfia%2F_.jpg?alt=media&token=d0ad8b01-80f2-40da-a30e-43073d4d5218
Філадельфія креветка,Філадельфія,filadelfia,279,300-330 гр,,лосось слабосолений; креветка королівська; крем-сир; огірок; норі; рис.,https://sushilubin.com.ua/offer/filadelfia-krevetka,https://firebasestorage.googleapis.com/v0/b/webui-f781c.appspot.com/o/velukuilubin%2Ffiladelfia%2F_.jpg?alt=media&token=a85be813-8ee7-4b54-bb22-62b3e07421be
Філадельфія лососева ікра,Філадельфія,filadelfia,299,300-330 гр,,лосось слабосолений; ікра лосося; крем-сир; огірок; норі; рис.,https://sushilubin.com.ua/offer/filadelfia-lososeva-ikra,https://firebasestorage.googleapis.com/v0/b/webui-f781c.appspot.com/o/velukuilubin%2Ffiladelfia%2F_.jpg?alt=media&token=8698f112-c649-4e38-ae03-2eb9079880f3
Філадельфія манго,Філадельфія,filadelfia,255,300-330 гр,,лосось слабосолений; манго; крем-сир; норі; рис.,https://sushilubin.com.ua/offer/filadelfia-mango,https://firebasestorage.googleapis.com/v0/b/webui-f781c.appspot.com/o/velukuilubin%2Ffiladelfia%2F_.jpg?alt=media&token=70ed73b0-3ae0-4fb1-b1c8-34ef594d8472
Філадельфія масляна,Філадельфія,filadelfia,235,300-330 гр,,масляна рибка; крем-рис; огірок; лососева ікра; норі; рис.,https://sushilubin.com.ua/offer/filadelfia-maslana,https://firebasestorage.googleapis.com/v0/b/webui-f781c.appspot.com/o/velukuilubin%2Ffiladelfia%2F_.jpg?alt=media&token=930f4bba-7bbe-445a-b996-5c4f74716a01
Філадельфія тунець,Філадельфія,filadelfia,205,280-300 гр,,тунець; крем-сир; авокадо; лососева ікра; рис; норі.,https://sushilubin.com.ua/offer/filadelfia-tunec,https://firebasestorage.googleapis.com/v0/b/webui-f781c.appspot.com/o/velukuilubin%2Ffiladelfia%2F_.jpg?alt=media&token=defb9255-50ba-484f-bdf6-c0fbc91e38aa
Філадельфія вугор авокадо,Філадельфія,filadelfia,305,300-330 гр,,вугор смажений; крем-сир; авокадо; унагі соус; кунжут; норі; рис.,https://sushilubin.com.ua/offer/filadelfia-vugor-avokado,https://firebasestorage.googleapis.com/v0/b/webui-f781c.appspot.com/o/velukuilubin%2Ffiladelfia%2F_.jpg?alt=media&token=323155c1-b772-4bce-9fdb-d917a65879d6
Філадельфія вугор огірок,Філадельфія,filadelfia,245,300-330 гр,,вугор смажений; крем-сир; огірок; унагі соус; кунжут; норі; рис.,https://sushilubin.com.ua/offer/filadelfia-vugor-ogirok,https://firebasestorage.googleapis.com/v0/b/webui-f781c.appspot.com/o/velukuilubin%2Ffiladelfia%2F_.jpg?alt=media&token=5ed849bb-4f77-411e-b262-7ab70b5af4ca
Футомак Бостон (без сиру),Футомак,futomak,224,280-300 гр,,лосось; соус шрірача; огірок; салат вакаме; соус япі; масаго; норі; рис.,https://sushilubin.com.ua/offer/futomak-boston-bez-siru,https://firebasestorage.googleapis.com/v0/b/webui-f781c.appspot.com/o/velukuilubin%2Ffutomak%2F_.jpg?alt=media&token=9df7684d-a4fc-474c-abfd-9ef52f3aa67a
Футомак фреш (без сиру),Футомак,futomak,180,260 гр,,лосось слабосолений; айсберг; авокадо; норі; рис.,https://sushilubin.com.ua/offer/futomak-fres-bez-siru,https://firebasestorage.googleapis.com/v0/b/webui-f781c.appspot.com/o/velukuilubin%2Ffutomak%2F_.jpg?alt=media&token=65726938-c262-4603-9221-a9800d2aeab8
Футомак фреш Fish (без сиру),Футомак,futomak,190,260 гр,,креветка; лосось слабосолений; авокадо; огірок; норі; рис.,https://sushilubin.com.ua/offer/futomak-fres-fish-bez-siru,https://firebasestorage.googleapis.com/v0/b/webui-f781c.appspot.com/o/velukuilubin%2Ffutomak%2F_Fish_.jpg?alt=media&token=88accb42-c85b-45d3-a1f3-569cf7028f89
Футомак Grandee,Футомак,futomak,224,300-330 гр,,лосось слабосолений; огірок; авокадо; омлет томаго; крем-сир; норі; рис.,https://sushilubin.com.ua/offer/futomak-grandee,https://firebasestorage.googleapis.com/v0/b/webui-f781c.appspot.com/o/velukuilubin%2Ffutomak%2F_Grandee.jpg?alt=media&token=7ad5a090-5142-45e6-aff0-70c32e9ace4e
Футомак грецький,Футомак,futomak,175,280-300 гр,,салат; крем-сир; помідор; перець; огірок; фета; норі; рис.,https://sushilubin.com.ua/offer/futomak-greckij,https://firebasestorage.googleapis.com/v0/b/webui-f781c.appspot.com/o/velukuilubin%2Ffutomak%2F_.jpg?alt=media&token=7cf4a6d9-cfb6-4a62-b58a-028d156d0b8b
Футомак королівський,Футомак,futomak,289,350 гр,,королівська креветка; лосось слабосолений; авокадо; огірок; крем-сир; норі; рис.,https://sushilubin.com.ua/offer/futomak-korolivskij,https://firebasestorage.googleapis.com/v0/b/webui-f781c.appspot.com/o/velukuilubin%2Ffutomak%2F_.jpg?alt=media&token=e8572cce-7cbc-4229-8a69-f52b08ce1e54
Футомак краб,Футомак,futomak,199,300 гр,,рис; норі; краб; соус сирний; ікра масаго; огірок.,https://sushilubin.com.ua/offer/futomak-krab,https://firebasestorage.googleapis.com/v0/b/webui-f781c.appspot.com/o/velukuilubin%2Ffutomak%2F_.jpg?alt=media&token=25a442d4-316c-4500-b3af-2ea47889496e
Футомак мікс (без сиру),Футомак,futomak,199,260 гр,,лосось слабосолений; тунець; огірок; айсберг; норі; рис.,https://sushilubin.com.ua/offer/futomak-miks-bez-siru,https://firebasestorage.googleapis.com/v0/b/webui-f781c.appspot.com/o/velukuilubin%2Ffutomak%2F_.jpg?alt=media&token=5c4498cf-f0f9-44c6-9c53-12d06b9235ac
Футомак з хіяші (під горіх.соусом),Футомак,futomak,155,280-300 гр,,ікра масаго; салат вакаме; горіховий соус; огірок; кунжут; крем-сир; норі; рис.,https://sushilubin.com.ua/offer/futomak-z-hiasi-pid-gorihsousom,https://firebasestorage.googleapis.com/v0/b/webui-f781c.appspot.com/o/velukuilubin%2Ffutomak%2F_._.jpg?alt=media&token=12c8fa12-b883-46f8-ae9a-e77c2161f063
Футомак з кальмаром,Футомак,futomak,185,270 гр,,норі; рис; кранч цибулевий; кальмар кільця; авокадо; огірок; сир.,https://sushilubin.com.ua/offer/futomak-z-kalmarom,https://firebasestorage.googleapis.com/v0/b/webui-f781c.appspot.com/o/velukuilubin%2Ffutomak%2F_.jpg?alt=media&token=138e8ca5-b6ae-4727-91d9-322c0f9a99ae
Футомак з креветкою,Футомак,futomak,205,280-300 гр,,креветка; крем-сир; масаго; огірок; норі; сир.,https://sushilubin.com.ua/offer/futomak-z-krevetkou,https://firebasestorage.googleapis.com/v0/b/webui-f781c.appspot.com/o/velukuilubin%2Ffutomak%2F_.jpg?alt=media&token=b2848c2c-817e-4a8f-8cd0-369208a20d7e
Футомак з лососем,Футомак,futomak,180,280-300 гр,,лосось слабосолений; огірок; крем-сир; норі; рис.,https://sushilubin.com.ua/offer/futomak-z-lososem,https://firebasestorage.googleapis.com/v0/b/webui-f781c.appspot.com/o/velukuilubin%2Ffutomak%2F_.jpg?alt=media&token=9e0f964b-8045-4c3f-9d72-bbac7d15766d
Футомак з лососем (без сиру),Футомак,futomak,165,200 гр,,лосось; огірок; норі; рис.,https://sushilubin.com.ua/offer/futomak-z-lososem-bez-siru,https://www.facebook.com/tr?id=257589707174520&ev=PageView&noscript=1
Футомак з манго,Футомак,futomak,199,300 гр,,рис; норі; манго; огірок; креветка; сир.,https://sushilubin.com.ua/offer/futomak-z-mango,https://firebasestorage.googleapis.com/v0/b/webui-f781c.appspot.com/o/velukuilubin%2Ffutomak%2F_.jpg?alt=media&token=13c42975-034e-421e-8de5-8e7b60ac2c5f
Футомак з печеним лососем,Футомак,futomak,185,,,рис; норі; айсберг; помідор; печена риба; огірок.,https://sushilubin.com.ua/offer/futomak-z-pecenim-lososem,https://firebasestorage.googleapis.com/v0/b/webui-f781c.appspot.com/o/velukuilubin%2Ffutomak%2F_.jpg?alt=media&token=c86cc5fd-52e8-4102-b814-88f23dd27a64
Футомак з тунцем (без сиру),Футомак,futomak,215,260 гр,,тунець; масаго; соус япі; огірок; салат хіяші; цибулька зелена; норі; рис.,https://sushilubin.com.ua/offer/futomak-z-tuncem-bez-siru,https://firebasestorage.googleapis.com/v0/b/webui-f781c.appspot.com/o/velukuilubin%2Ffutomak%2F_.jpg?alt=media&token=73800dfd-960a-4509-a7b7-a67dea873440
Футомак з восьминіжкою,Футомак,futomak,199,280 гр,,бейбі восьминіжка; огірок; салат вакаме; крем-сир; норі; рис.,https://sushilubin.com.ua/offer/futomak-z-vosminizkou,https://firebasestorage.googleapis.com/v0/b/webui-f781c.appspot.com/o/velukuilubin%2Ffutomak%2F_.jpg?alt=media&token=82a459ab-adae-45ec-b812-7530c77551ec
Американо,Гарячі напої,garaci-napoi,30,,1,,https://sushilubin.com.ua/offer/amerikano,https://www.facebook.com/tr?id=257589707174520&ev=PageView&noscript=1
Американо з молоком,Гарячі напої,garaci-napoi,35,,1,,https://sushilubin.com.ua/offer/amerikano-z-molokom,https://www.facebook.com/tr?id=257589707174520&ev=PageView&noscript=1
Чай у асортименті,Гарячі напої,garaci-napoi,40,,,,https://sushilubin.com.ua/offer/caj-u-asortimenti,https://www.facebook.com/tr?id=257589707174520&ev=PageView&noscript=1
Еспресо,Гарячі напої,garaci-napoi,25,,1,,https://sushilubin.com.ua/offer/espreso,https://www.facebook.com/tr?id=257589707174520&ev=PageView&noscript=1
Лате,Гарячі напої,garaci-napoi,60,,1,,https://sushilubin.com.ua/offer/late,https://www.facebook.com/tr?id=257589707174520&ev=PageView&noscript=1
Хосомаки з хіяші,Хосомаки,hosomaki,99,180 гр,8,хіяші; кунжут; горіховий соус; норі; рис.,https://sushilubin.com.ua/offer/hosomaki-z-hiasi,https://firebasestorage.googleapis.com/v0/b/webui-f781c.appspot.com/o/velukuilubin%2Fhosomaki%2F_.jpg?alt=media&token=107e192f-393a-41be-b7ab-558ea8cce44e
Хосомаки з креветкою,Хосомаки,hosomaki,170,180 гр,8,креветка; норі; рис.,https://sushilubin.com.ua/offer/hosomaki-z-krevetka,https://www.facebook.com/tr?id=257589707174520&ev=PageView&noscript=1
Хосомаки з лососем,Хосомаки,hosomaki,150,180 гр,8,лосось; рис; норі.,https://sushilubin.com.ua/offer/hosomaki-z-lososem,https://firebasestorage.googleapis.com/v0/b/webui-f781c.appspot.com/o/velukuilubin%2Fhosomaki%2F_.jpg?alt=media&token=9c098b4c-153f-48e2-b350-a1ce3b857544
Хосомаки з масляною,Хосомаки,hosomaki,130,180 гр,8,масляна; норі; рис.,https://sushilubin.com.ua/offer/hosomaki-z-maslanou,https://firebasestorage.googleapis.com/v0/b/webui-f781c.appspot.com/o/velukuilubin%2Fhosomaki%2F_.jpg?alt=media&token=216cb778-656a-42f3-b266-444a78de8778
Хосомаки з огірком,Хосомаки,hosomaki,99,180 гр,8,огірок; норі; рис.,https://sushilubin.com.ua/offer/hosomaki-z-ogirkom,https://www.facebook.com/tr?id=257589707174520&ev=PageView&noscript=1
Хосомаки з сиром,Хосомаки,hosomaki,115,180 гр,8,крем - сир; моцарела; норі; рис.,https://sushilubin.com.ua/offer/hosomaki-z-sirom,https://firebasestorage.googleapis.com/v0/b/webui-f781c.appspot.com/o/velukuilubin%2Fhosomaki%2F_.jpg?alt=media&token=417a2200-4df1-4c0a-b427-1b9ab881d06c
Фітнес із масаго,Інші роли,insi-roli,290,240 гр,,лосось; масаго; огірок; норі; рис; крабове мясо; авокадо,https://sushilubin.com.ua/offer/fitnes-iz-masago,https://firebasestorage.googleapis.com/v0/b/webui-f781c.appspot.com/o/velukuilubin%2Finsi-roli%2F_.jpg?alt=media&token=046a2076-a3b0-4b27-878e-11d3367e1b4a
Фітнес із смаженою креветкою,Інші роли,insi-roli,290,190 гр,,смажена креветка; манго; рис; норі; авокадо; огірок.,https://sushilubin.com.ua/offer/fitnes-iz-smazenou-krevetkou,https://firebasestorage.googleapis.com/v0/b/webui-f781c.appspot.com/o/velukuilubin%2Finsi-roli%2F_.jpg?alt=media&token=e77b63db-2979-4f44-937a-9a3e243698a5
Фітнес з лососем,Інші роли,insi-roli,290,190 гр,,авокадо; лосось; норі; крабове мясо; огірк.,https://sushilubin.com.ua/offer/fitnes-z-lososem,https://firebasestorage.googleapis.com/v0/b/webui-f781c.appspot.com/o/velukuilubin%2Finsi-roli%2F_.jpg?alt=media&token=6ca3da11-15a2-47dc-a081-aff0565a4738
Мемонорі краб,Інші роли,insi-roli,185,280-300 гр,,соєвий папір; крем-сир; крабове м'ясо; ікра масаго; огірок; соус япі.,https://sushilubin.com.ua/offer/memonori-krab,https://firebasestorage.googleapis.com/v0/b/webui-f781c.appspot.com/o/velukuilubin%2Finsi-roli%2F_.jpg?alt=media&token=168f0f9b-0f1a-49cd-a1ee-4e91eae8c795
Мідія спайсі,Інші роли,insi-roli,145,300 гр,,Норі; рис; соус спайсі; Мідія; айзберг; огірок,https://sushilubin.com.ua/offer/midia-spajsi,https://firebasestorage.googleapis.com/v0/b/webui-f781c.appspot.com/o/velukuilubin%2Finsi-roli%2F_.jpg?alt=media&token=886feef6-70a8-45a5-9eaf-8f72526ad29e
Сяке з чука салатом,Інші роли,insi-roli,215,300-330 гр,,лосось; огірок; крем-сир; кунжут; горіховий соус; салат вакаме; норі; рис.,https://sushilubin.com.ua/offer/sake-z-cuka-salatom,https://firebasestorage.googleapis.com/v0/b/webui-f781c.appspot.com/o/velukuilubin%2Finsi-roli%2F_.jpg?alt=media&token=64701ac3-1e42-4dbf-978f-f3626189c2b7
Тунець з чука салатом,Інші роли,insi-roli,229,300-330 гр,,тунець; авокадо; крем-сир; кунжут; горіховий соус; салат вакаме; норі; рис.,https://sushilubin.com.ua/offer/tunec-z-cuka-salatom,https://firebasestorage.googleapis.com/v0/b/webui-f781c.appspot.com/o/velukuilubin%2Finsi-roli%2F_.jpg?alt=media&token=97366df2-f672-4874-8a99-52b7d3974d9e
Каліфорнія Black Rice,Каліфорнія,kalifornia,230,300-330 гр,,лосось слабосолений; огірок; крем-сир; масаго; норі; рис чорний.,https://sushilubin.com.ua/offer/kalifornia-black-rice,https://firebasestorage.googleapis.com/v0/b/webui-f781c.appspot.com/o/velukuilubin%2Fkalifornia%2F_Black_Rice.jpg?alt=media&token=d2d15ed9-bf99-4a52-8cd2-8a6b62505557
Каліфорнія доре (без сиру),Каліфорнія,kalifornia,220,280-300 гр,,лосось слабосолений; огірок; авокадо; масаго ікра; норі; рис.,https://sushilubin.com.ua/offer/kalifornia-dore-bez-siru,https://firebasestorage.googleapis.com/v0/b/webui-f781c.appspot.com/o/velukuilubin%2Fkalifornia%2F_.jpg?alt=media&token=9b8f67fc-66b1-478a-ac06-d3621059bd79
Каліфорнія краб,Каліфорнія,kalifornia,199,,,рис; норі; краб; сир; огірок; ікра масаго.,https://sushilubin.com.ua/offer/kalifornia-krab,https://firebasestorage.googleapis.com/v0/b/webui-f781c.appspot.com/o/velukuilubin%2Fkalifornia%2F_.jpg?alt=media&token=6ff53675-c024-4103-b7e3-927bc180da35
Каліфорнія креветка,Каліфорнія,kalifornia,230,300-330 гр,,креветка; авокадо; масаго; огірок; крем-сир; норі; рис.,https://sushilubin.com.ua/offer/kalifornia-krevetka,https://firebasestorage.googleapis.com/v0/b/webui-f781c.appspot.com/o/velukuilubin%2Fkalifornia%2F_.jpg?alt=media&token=65d4e986-87cd-4d7b-9d5b-69385616da57
Каліфорнія огайо,Каліфорнія,kalifornia,200,300-330 гр,,лосось; огірок; крем-сир; масаго орандж; норі; рис.,https://sushilubin.com.ua/offer/kalifornia-ogajo,https://firebasestorage.googleapis.com/v0/b/webui-f781c.appspot.com/o/velukuilubin%2Fkalifornia%2F_.jpg?alt=media&token=ed8dc84f-3c15-4e0d-a566-9fbc8e06d1cd
Каліфорнія сакура Black Rice,Каліфорнія,kalifornia,249,300-330 гр,,креветка; авокадо; огірок; крем-сир; норі; рис чорний; лососева ікра.,https://sushilubin.com.ua/offer/kalifornia-sakura-black-rice,https://firebasestorage.googleapis.com/v0/b/webui-f781c.appspot.com/o/velukuilubin%2Fkalifornia%2F_Black_Rice.jpg?alt=media&token=d2ab3766-d8d6-45fe-a4b9-539f00d9c141
Каліфорнія сакура лосось,Каліфорнія,kalifornia,235,300-330 гр,,лосось слабосолений; авокадо; ікра масаго; крем-сир; лососева ікра; норі; рис.,https://sushilubin.com.ua/offer/kalifornia-sakura-losos,https://firebasestorage.googleapis.com/v0/b/webui-f781c.appspot.com/o/velukuilubin%2Fkalifornia%2F_.jpg?alt=media&token=1bf1af53-984a-45fe-ba20-f6aed312707c
Каліфорнія Tuna,Каліфорнія,kalifornia,199,300-330 гр,,тунець; авокадо; крем-сир; масаго червоне; норі; рис.,https://sushilubin.com.ua/offer/kalifornia-tuna,https://firebasestorage.googleapis.com/v0/b/webui-f781c.appspot.com/o/velukuilubin%2Fkalifornia%2F_Tuna.jpg?alt=media&token=386985c9-8a1d-45ef-854d-488882a5b6b2
Мікс № 1,Набори фрі,nabori-fri,519,120 гр,1,,https://sushilubin.com.ua/offer/miks-№-1,https://firebasestorage.googleapis.com/v0/b/webui-f781c.appspot.com/o/velukuilubin%2Fnabori-fri%2F_1.jpg?alt=media&token=33aad862-0dc8-4c19-bff0-138faa6b331f
Мікс № 2,Набори фрі,nabori-fri,335,120 гр,1,,https://sushilubin.com.ua/offer/miks-№-2,https://firebasestorage.googleapis.com/v0/b/webui-f781c.appspot.com/o/velukuilubin%2Fnabori-fri%2F_2.jpg?alt=media&token=a75297e1-8e40-4025-9092-0b6607de884d
Мікс № 3,Набори фрі,nabori-fri,399,120 гр,1,,https://sushilubin.com.ua/offer/miks-№-3,https://firebasestorage.googleapis.com/v0/b/webui-f781c.appspot.com/o/velukuilubin%2Fnabori-fri%2F_3.jpg?alt=media&token=06246ab8-ed26-41eb-bf5b-d94845614600
"Фанта 0,33 л.",Напої,napoi,45,,,,https://sushilubin.com.ua/offer/fanta-033-l,https://firebasestorage.googleapis.com/v0/b/webui-f781c.appspot.com/o/velukuilubin%2Fnapoi%2F_0_33_..jpg?alt=media&token=2235465b-3970-4515-b626-c8ed64a2862f
"Кола 0,33 л",Напої,napoi,45,,,,https://sushilubin.com.ua/offer/kola-033-l,https://firebasestorage.googleapis.com/v0/b/webui-f781c.appspot.com/o/velukuilubin%2Fnapoi%2F_0_33_.jpg?alt=media&token=0f9eea33-9dcc-4014-b698-486bc087285d
Моршинська,Напої,napoi,35,,,,https://sushilubin.com.ua/offer/morsinska,https://firebasestorage.googleapis.com/v0/b/webui-f781c.appspot.com/o/velukuilubin%2Fnapoi%2F_.jpg?alt=media&token=c6f64fef-5947-4e61-9311-f4f6da3ca784
Сік дитячий,Напої,napoi,40,,1,,https://sushilubin.com.ua/offer/sik-rich-ditacij,https://firebasestorage.googleapis.com/v0/b/webui-f781c.appspot.com/o/velukuilubin%2Fnapoi%2F_.jpg?alt=media&token=3066ed6a-1786-4524-9ca8-5c6fd57d67ea
Сік у асортименті,Напої,napoi,99,,,,https://sushilubin.com.ua/offer/sik-rich-u-asortimenti,https://firebasestorage.googleapis.com/v0/b/webui-f781c.appspot.com/o/velukuilubin%2Fnapoi%2F_.jpg?alt=media&token=409e8039-3679-447e-a1f7-bb424c92da95
Спрайт,Напої,napoi,45,,,,https://sushilubin.com.ua/offer/sprajt,https://firebasestorage.googleapis.com/v0/b/webui-f781c.appspot.com/o/velukuilubin%2Fnapoi%2F_.jpg?alt=media&token=14313419-e808-48c6-ae4b-b7f31f07fe4d
Сяке в кунжуті,Роли у кунжуті та стружці тунця,roli-u-kunzuti-ta-struzci-tunca,215,300-330 гр,,лосось слабосолений; авокадо; кунжут; крем-сир; норі; рис.,https://sushilubin.com.ua/offer/sake-v-kunzuti,https://firebasestorage.googleapis.com/v0/b/webui-f781c.appspot.com/o/velukuilubin%2Froli-u-kunzuti-ta-struzci-tunca%2F_.jpg?alt=media&token=f6ffd1bf-f698-471c-a259-a259c411b10c
Сяке з печеним лососем,Роли у кунжуті та стружці тунця,roli-u-kunzuti-ta-struzci-tunca,175,300-330 гр,,печений лосось; огірок; кунжут; кремсир; горіховий соус; норі; рис.,https://sushilubin.com.ua/offer/sake-z-pecenim-lososem,https://firebasestorage.googleapis.com/v0/b/webui-f781c.appspot.com/o/velukuilubin%2Froli-u-kunzuti-ta-struzci-tunca%2F_.jpg?alt=media&token=4666ece1-3de8-46e3-9791-e8ff068c0afb
Сапі з лососем,Роли у кунжуті та стружці тунця,roli-u-kunzuti-ta-struzci-tunca,190,280-300 гр,,лосось; соус унагі; огірок стружка тунця; крем-сир; норі; рис.,https://sushilubin.com.ua/offer/sapi-z-lososem,https://firebasestorage.googleapis.com/v0/b/webui-f781c.appspot.com/o/velukuilubin%2Froli-u-kunzuti-ta-struzci-tunca%2F_.jpg?alt=media&token=ae9c1dcd-da23-46fb-889d-a57ea7df2870
Сапі з печеним лососем,Роли у кунжуті та стружці тунця,roli-u-kunzuti-ta-struzci-tunca,170,280-300 гр,,гриль лосось; соус унагі; огірок; стружка тунця; крем-сир; норі; рис.,https://sushilubin.com.ua/offer/sapi-z-pecenim-lososem,https://firebasestorage.googleapis.com/v0/b/webui-f781c.appspot.com/o/velukuilubin%2Froli-u-kunzuti-ta-struzci-tunca%2F_.jpg?alt=media&token=7a70f34d-d970-4747-ba21-f8f3be94f1ef
Сапі з вугром,Роли у кунжуті та стружці тунця,roli-u-kunzuti-ta-struzci-tunca,220,280-300 гр,,вугор; соус унагі; авокадо; стружка тунця; крем-сир; норі; рис.,https://sushilubin.com.ua/offer/sapi-z-vugrom,https://firebasestorage.googleapis.com/v0/b/webui-f781c.appspot.com/o/velukuilubin%2Froli-u-kunzuti-ta-struzci-tunca%2F_.jpg?alt=media&token=693d126b-331f-41b3-b933-46a2e52ba084
Тунець у стружці,Роли у кунжуті та стружці тунця,roli-u-kunzuti-ta-struzci-tunca,199,280-300 гр,,тунець; соус унагі; авокадо; стружка тунця; крем-сир; норі; рис.,https://sushilubin.com.ua/offer/tunec-u-struzci,https://firebasestorage.googleapis.com/v0/b/webui-f781c.appspot.com/o/velukuilubin%2Froli-u-kunzuti-ta-struzci-tunca%2F_.jpg?alt=media&token=ba7f4628-893b-48ee-bbb3-a32fd8652e99
Тунець в кунжуті,Роли у кунжуті та стружці тунця,roli-u-kunzuti-ta-struzci-tunca,205,300-330 гр,,тунець; айзберг; кунжут; крем-сир; горіховий соус; норі; рис.,https://sushilubin.com.ua/offer/tunec-v-kunzuti,https://firebasestorage.googleapis.com/v0/b/webui-f781c.appspot.com/o/velukuilubin%2Froli-u-kunzuti-ta-struzci-tunca%2F_.jpg?alt=media&token=a70ecd1c-0a99-4c73-9a72-018c26592474
Унагі в кунжуті,Роли у кунжуті та стружці тунця,roli-u-kunzuti-ta-struzci-tunca,225,300-330 гр,,вугор; соус унагі; авокадо; кунжут; крем-сир; норі; рис.,https://sushilubin.com.ua/offer/unagi-v-kunzuti,https://firebasestorage.googleapis.com/v0/b/webui-f781c.appspot.com/o/velukuilubin%2Froli-u-kunzuti-ta-struzci-tunca%2F_.jpg?alt=media&token=a710e249-02df-4636-bca1-23bfe55ae9e4
Сет № 1,Сети,seti,399,640 гр,16,Філадельфія класична;; Чіз з печеним лососем;; Прибори та соєвий соус.,https://sushilubin.com.ua/offer/set-№-1,https://firebasestorage.googleapis.com/v0/b/webui-f781c.appspot.com/o/velukuilubin%2Fseti%2F_1.jpg?alt=media&token=30ea971d-238a-49d9-902e-cc421f25cf62
Сет № 10,Сети,seti,799,1.4 кг,40,Мемонорі краб;; Сакура хіяші;; Філадельфія класична;; Філадельфія грін печений лосось;; Сирний три сира;; Прибори та соєвий соус.,https://sushilubin.com.ua/offer/set-№-10,https://firebasestorage.googleapis.com/v0/b/webui-f781c.appspot.com/o/velukuilubin%2Fseti%2F_10.jpg?alt=media&token=5491fc86-08a2-4a14-bd66-1a802c44c9ba
Сет № 11,Сети,seti,879,1.2 кг,32,Сирний Black Lemon;; Рол Бостон;; Каліфорнія креветка;; Філадельфія класична;; Прибори та соєвий соус.,https://sushilubin.com.ua/offer/set-№-11,https://firebasestorage.googleapis.com/v0/b/webui-f781c.appspot.com/o/velukuilubin%2Fseti%2F_11.jpg?alt=media&token=f13fb4f4-da36-46f1-9ecf-f4956bf62de3
Сет № 12,Сети,seti,889,1.2 кг,32,Сирний Black Lemon;; Філадельфія манго;; Філадельфія вугор огірок;; Футомак Grandee;; Прибори та соєвий соус.,https://sushilubin.com.ua/offer/set-№-12,https://firebasestorage.googleapis.com/v0/b/webui-f781c.appspot.com/o/velukuilubin%2Fseti%2F_12.jpg?alt=media&token=ac167bd4-2b25-4ae0-a50d-54e57c8536c1
Сет № 13,Сети,seti,929,1.5 кг,40,Філадельфія класична;; Каліфорнія огайо;; Філадельфія грін печений лосось;; Сирний 2д;; Футомак з креветкою;; Прибори та соєвий соус.,https://sushilubin.com.ua/offer/set-№-13,https://firebasestorage.googleapis.com/v0/b/webui-f781c.appspot.com/o/velukuilubin%2Fseti%2F_13.jpg?alt=media&token=99265087-e583-40c6-97f1-75de91d92338
Сет № 14,Сети,seti,950,1.5 кг,40,Футомак з креветкою;; Каліфорнія креветка;; Сирний 2д;; Філадельфія класична;; Філадельфія грін печений лосось;; Прибори та соєвий соус.,https://sushilubin.com.ua/offer/set-№-14,https://firebasestorage.googleapis.com/v0/b/webui-f781c.appspot.com/o/velukuilubin%2Fseti%2F_14.jpg?alt=media&token=6d345329-6fee-43a9-9654-cc8597b07b57
Сет № 15,Сети,seti,915,1.2 кг,32,Філадельфія тунець;; Зелений Дракон;; Каліфорнія огайо;; Каліфорнія блек райс;; Прибори та соєвий соус.,https://sushilubin.com.ua/offer/set-№-15,https://firebasestorage.googleapis.com/v0/b/webui-f781c.appspot.com/o/velukuilubin%2Fseti%2F_15.jpg?alt=media&token=3d455c7e-961e-4b82-8b38-63d39fc640b2
Сет № 16,Сети,seti,959,1.5 кг,40,Тунець в стружчі тунця;; Сяке з чука салатом;; Філадельфія класична;; Сяке в кунжуті печений лосось;; Сапі з лососем;; Прибори та соєвий соус.,https://sushilubin.com.ua/offer/set-№-16,https://firebasestorage.googleapis.com/v0/b/webui-f781c.appspot.com/o/velukuilubin%2Fseti%2F_16.jpg?alt=media&token=e3bb376a-9d8d-4340-ab21-fefef66c5b2c
Сет № 17,Сети,seti,999,1.5 кг,40,Сирний з вугром;; Каліфорнія креветка;; Філадельфія грін печений лосось;; Філадельфія авокадо;; Футомак з креветкою;; Прибори та соєвий соус.,https://sushilubin.com.ua/offer/set-№-17,https://firebasestorage.googleapis.com/v0/b/webui-f781c.appspot.com/o/velukuilubin%2Fseti%2F_17.jpg?alt=media&token=fe321439-aad5-4bed-9400-370970645384
Сет № 18,Сети,seti,1089,1.8 кг,48,Філадельфія класична;; Сирний 2 д;; Каліфорнія креветка;; Філадельфія грін печений лосось;; Сакура хіяші;; Футомак грецький;; Прибори та соєвий соус.,https://sushilubin.com.ua/offer/set-№-18,https://firebasestorage.googleapis.com/v0/b/webui-f781c.appspot.com/o/velukuilubin%2Fseti%2F_18.jpg?alt=media&token=1ecf50f6-e880-49ff-a20c-584c7a027c44
Сет № 19,Сети,seti,1110,1.9 кг,48,Філадельфія класична;; Сирний три сира;; Сяке в кунжуті;; Каліфорнія огайо;; Каліфорнія креветка;; Чіз з печеним лососем;; Прибори та соєвий соус.,https://sushilubin.com.ua/offer/set-№-19,https://firebasestorage.googleapis.com/v0/b/webui-f781c.appspot.com/o/velukuilubin%2Fseti%2F_19.jpg?alt=media&token=cca33861-ff0e-4887-afdb-0a435b0dd25b
Сет № 2,Сети,seti,560,0.9 кг,24,Сирний три сира;; Філадельфія класична;; Футомак лосось без сиру;; Прибори та соєвий соус.,https://sushilubin.com.ua/offer/set-№-2,https://firebasestorage.googleapis.com/v0/b/webui-f781c.appspot.com/o/velukuilubin%2Fseti%2F_2.jpg?alt=media&token=a88d9b4e-374c-436c-bfdf-6817f628bc3d
Сет № 20,Сети,seti,1199,1.88 кг,48,Каліфорнія креветка;; Філадельфія манго;; Філадельфія класична;; Сяке з чука салатом;; Футомак Бостон 1/2 порції;; Футомак з восьменіжкою 1/2 порції;; Сирний три сира;; Прибори та соєвий соус.,https://sushilubin.com.ua/offer/set-№-20,https://firebasestorage.googleapis.com/v0/b/webui-f781c.appspot.com/o/velukuilubin%2Fseti%2F_20.jpg?alt=media&token=a0d18fe9-a33b-4e1b-81e5-a7e89a716b7b
Сет № 21,Сети,seti,1400,2.1 кг,56,Філадельфія класична;; Філадельфія класична;; Каліфорнія креветка;; Каліфорнія огайо;; Сирний три сира;; Чіз з печеним лососем;; Сяке з лососем;; Прибори та соєвий соус.,https://sushilubin.com.ua/offer/set-№-21,https://firebasestorage.googleapis.com/v0/b/webui-f781c.appspot.com/o/velukuilubin%2Fseti%2F_21.jpg?alt=media&token=247fc90d-cd0a-4101-b5ca-f6f1967d4732
Сет № 3,Сети,seti,600,0.9 кг,24,Філадельфія класична;; Каліфорнія креветка;; Футомак грецький;; Прибори та соєвий соус.,https://sushilubin.com.ua/offer/set-№-3,https://firebasestorage.googleapis.com/v0/b/webui-f781c.appspot.com/o/velukuilubin%2Fseti%2F_3.jpg?alt=media&token=299aae53-620c-4d4a-ab28-fd4078786eeb
Сет № 4,Сети,seti,605,880-900 гр,24,Пармеджано;; Філадельфія класична;; Каліфорнія доре без сиру;; Прибори та соєвий соус.,https://sushilubin.com.ua/offer/set-№-4,https://firebasestorage.googleapis.com/v0/b/webui-f781c.appspot.com/o/velukuilubin%2Fseti%2F_4.jpg?alt=media&token=abc0d057-c2e1-40b5-8cb6-03160d2b7445
Сет № 5,Сети,seti,689,0.9 кг,24,Філадельфія класична;; Філадельфія авокадо;; Каліфорнія сакура лосось;; Прибори та соєвий соус.,https://sushilubin.com.ua/offer/set-№-5,https://firebasestorage.googleapis.com/v0/b/webui-f781c.appspot.com/o/velukuilubin%2Fseti%2F_5.jpg?alt=media&token=f946b58b-8988-42b6-83e9-460e60a0205b
Сет № 6,Сети,seti,720,1.2 кг,32,Філадельфія класична;; Футомак хіяші;; Каліфорнія креветка;; Тунець з чука салатом;; Прибори та соєвий соус.,https://sushilubin.com.ua/offer/set-№-6,https://firebasestorage.googleapis.com/v0/b/webui-f781c.appspot.com/o/velukuilubin%2Fseti%2F_6.jpg?alt=media&token=bb6ac5a6-fd67-4652-bc1e-3363bdd12d12
Сет № 7,Сети,seti,780,1.180 кг,32,Футомак з лососем без сиру;; Філадельфія класична;; Каліфорнія доре без сиру;; Сирний 2д;; Прибори та соєвий соус.,https://sushilubin.com.ua/offer/set-№-7,https://firebasestorage.googleapis.com/v0/b/webui-f781c.appspot.com/o/velukuilubin%2Fseti%2F_7.jpg?alt=media&token=1999f704-3074-4db0-a461-41d31981ee91
Сет № 8,Сети,seti,799,1.3 кг,40,Хосомаки хіяші;; Філадельфія класична;; Каліфорнія креветка;; Сирний три сира;; Сакура хіяші;; Прибори та соєвий соус.,https://sushilubin.com.ua/offer/set-№-8,https://firebasestorage.googleapis.com/v0/b/webui-f781c.appspot.com/o/velukuilubin%2Fseti%2F_8.jpg?alt=media&token=309b4937-2dd4-4a7a-aa79-9855ea14e342
Сет № 9,Сети,seti,779,1.2 кг,32,Пармеджано;; Філадельфія грін печений лосось;; Унагі в кунжуті;; Філадельфія класична;; Прибори та соєвий соус.,https://sushilubin.com.ua/offer/set-№-9,https://firebasestorage.googleapis.com/v0/b/webui-f781c.appspot.com/o/velukuilubin%2Fseti%2F_9.jpg?alt=media&token=0515de7e-6613-44c1-a342-7b87ef15cf1c
Сирний 2д,Сирні роли,sirni-roli,160,300-330 гр,,крем-сир; сир хохланд; унагі соус; кунжут; норі; рис.,https://sushilubin.com.ua/offer/sirnij-2d,https://firebasestorage.googleapis.com/v0/b/webui-f781c.appspot.com/o/velukuilubin%2Fsirni-roli%2F_2_.jpg?alt=media&token=1e526875-d2a2-45b2-a988-2c7c1519c391
Сирний Black Lemon,Сирні роли,sirni-roli,174,300-330 гр,,сир Black Lemon; сир хохланд; крем-сир; сир моцарела; соус унагі; норі; рис.,https://sushilubin.com.ua/offer/sirnij-black-lemon,https://firebasestorage.googleapis.com/v0/b/webui-f781c.appspot.com/o/velukuilubin%2Fsirni-roli%2F_Black_Lemon.jpg?alt=media&token=cbe5d674-e868-49e8-8b2f-3fb614fbfbc0
Сирний пармеджано,Сирні роли,sirni-roli,164,300-330 гр,,помідор; моцарела; крем-сир; сир хохланд; соус унагі; пармезан; норі; рис.,https://sushilubin.com.ua/offer/sirnij-parmedzano,https://firebasestorage.googleapis.com/v0/b/webui-f781c.appspot.com/o/velukuilubin%2Fsirni-roli%2F_.jpg?alt=media&token=49922e25-0d66-4eed-aacb-008f71b03f94
Сирний три сира,Сирні роли,sirni-roli,150,300-330 гр,,крем-сир; сир моцарела; сир фета; кунжут; норі; рис.,https://sushilubin.com.ua/offer/sirnij-tri-sira,https://firebasestorage.googleapis.com/v0/b/webui-f781c.appspot.com/o/velukuilubin%2Fsirni-roli%2F_.jpg?alt=media&token=43cce563-1058-430d-8995-aee612b67672
Сирний з вугром,Сирні роли,sirni-roli,200,300-330 гр,,вугор; крем-сир; сир хохланд; соус унагі; мигдалеві пластівці; норі; рис.,https://sushilubin.com.ua/offer/sirnij-z-vugrom,https://firebasestorage.googleapis.com/v0/b/webui-f781c.appspot.com/o/velukuilubin%2Fsirni-roli%2F_.jpg?alt=media&token=d52a4978-2383-44e5-8722-30da9aa759b5
Цибулеві кільця зі соусом,Снеки,sneki,130,,10,,https://sushilubin.com.ua/offer/cibulevi-kilca,https://firebasestorage.googleapis.com/v0/b/webui-f781c.appspot.com/o/velukuilubin%2Fsneki%2F_.jpg?alt=media&token=1e68085a-1f5d-40e8-a38a-49b16f1723c2
Картопля фрі,Снеки,sneki,79,120 гр,,,https://sushilubin.com.ua/offer/kartopla-fri,https://firebasestorage.googleapis.com/v0/b/webui-f781c.appspot.com/o/velukuilubin%2Fsneki%2F_.jpg?alt=media&token=9771b06b-5ede-4f42-b13e-5b48ee420216
Картопля скибками тоскана,Снеки,sneki,89,120 гр,,,https://sushilubin.com.ua/offer/kartopla-skibkami-toskana,https://www.facebook.com/tr?id=257589707174520&ev=PageView&noscript=1
Кетчуп,Снеки,sneki,20,,1,,https://sushilubin.com.ua/offer/kecup,https://www.facebook.com/tr?id=257589707174520&ev=PageView&noscript=1
Креветки в темпурі,Снеки,sneki,250,,6,,https://sushilubin.com.ua/offer/krevetki-v-tempuri,https://firebasestorage.googleapis.com/v0/b/webui-f781c.appspot.com/o/velukuilubin%2Fsneki%2F_.jpg?alt=media&token=cf0eb856-9b4f-468f-a13b-e8f1129eede0
Кріпси зі соусом,Снеки,sneki,180,,4,,https://sushilubin.com.ua/offer/krispi,https://firebasestorage.googleapis.com/v0/b/webui-f781c.appspot.com/o/velukuilubin%2Fsneki%2F_.jpg?alt=media&token=c51a747b-476b-4eb2-bb5b-1910ebdeeade
Нагетси,Снеки,sneki,140,,10,,https://sushilubin.com.ua/offer/nagetsi,https://firebasestorage.googleapis.com/v0/b/webui-f781c.appspot.com/o/velukuilubin%2Fsneki%2F_.jpg?alt=media&token=d6c02a96-e747-49e7-8093-b7cde84f10ac
Сирні палички,Снеки,sneki,135,,6,,https://sushilubin.com.ua/offer/sirni-palicki,https://firebasestorage.googleapis.com/v0/b/webui-f781c.appspot.com/o/velukuilubin%2Fsneki%2F_.jpg?alt=media&token=6b5fe2d6-1b1e-438c-b385-6ef661830382
Соус цезар,Снеки,sneki,20,,1,,https://sushilubin.com.ua/offer/sous-cezar,https://www.facebook.com/tr?id=257589707174520&ev=PageView&noscript=1
Соус гострий,Снеки,sneki,20,,1,,https://sushilubin.com.ua/offer/sous-gostrij,https://www.facebook.com/tr?id=257589707174520&ev=PageView&noscript=1
Соус кисло-солодкий,Снеки,sneki,20,,1,,https://sushilubin.com.ua/offer/sous-kislosolodkij,https://www.facebook.com/tr?id=257589707174520&ev=PageView&noscript=1
Соус сирний,Снеки,sneki,20,,1,,https://sushilubin.com.ua/offer/sous-sirnij,https://www.facebook.com/tr?id=257589707174520&ev=PageView&noscript=1
Теплий чіз,Теплі роли,tepli-roli,185,,,норі; темпура; рис; сир кремовий; сир моцарелла; сир хохланд.,https://sushilubin.com.ua/offer/teplij-ciz,https://firebasestorage.googleapis.com/v0/b/webui-f781c.appspot.com/o/velukuilubin%2Ftepli-roli%2F_.jpg?alt=media&token=364ff77b-cf91-4b43-a15f-98768692958d
Теплий Хоші з лососем,Теплі роли,tepli-roli,220,300 гр,,лосось; авокадо; пластина; хохланд; ікра; рисова мука; сухарі панко; норі; рис.,https://sushilubin.com.ua/offer/teplij-hosi-z-lososem,https://firebasestorage.googleapis.com/v0/b/webui-f781c.appspot.com/o/velukuilubin%2Ftepli-roli%2F_.jpg?alt=media&token=64280444-7c00-4678-9d11-030ba0f180ce
Теплий крабове м'ясо,Теплі роли,tepli-roli,195,280 гр,,м'ясо краба вічі; соус япі; авокадо; ікра; рисова мука; сухарі панко; норі; рис.,https://sushilubin.com.ua/offer/teplij-krabove-maso,https://firebasestorage.googleapis.com/v0/b/webui-f781c.appspot.com/o/velukuilubin%2Ftepli-roli%2F_.jpg?alt=media&token=cd457c01-354f-41d2-b1f4-93a255c969bd
Теплий з креветкою,Теплі роли,tepli-roli,230,300 гр,,креветка; крем сир; авокадо; ікра; рисова мука; сухарі панко; норі; рис.,https://sushilubin.com.ua/offer/teplij-z-krevetkou,https://www.facebook.com/tr?id=257589707174520&ev=PageView&noscript=1
Теплий з тунцем,Теплі роли,tepli-roli,230,300 гр,,тунець; авокадо; ікра; рисова мука; сухарі панко; норі; рис.,https://sushilubin.com.ua/offer/teplij-z-tuncem,https://firebasestorage.googleapis.com/v0/b/webui-f781c.appspot.com/o/velukuilubin%2Ftepli-roli%2F_.jpg?alt=media&token=09da285a-ff40-4fbc-bf94-14d03e26403f
Теплий з вугром,Теплі роли,tepli-roli,240,300 гр,,вугор; авокадо; ікра; рисова мука; сухарі панко; унагі соус; норі; рис.,https://sushilubin.com.ua/offer/teplij-z-vugrom,https://firebasestorage.googleapis.com/v0/b/webui-f781c.appspot.com/o/velukuilubin%2Ftepli-roli%2F_.jpg?alt=media&token=309c21b8-7959-43d6-bc25-212aee39999e
Фуджі з тунцем,Запечені в духовці,zapeceni-v-duhovci,215,,,рис; норі; айсберг; тунець; помідор; сир.,https://sushilubin.com.ua/offer/fudzi-z-tuncem,https://www.facebook.com/tr?id=257589707174520&ev=PageView&noscript=1
Запечений Айсі креветка,Запечені в духовці,zapeceni-v-duhovci,195,,,рис; норі; ікра масаго; креветка.,https://sushilubin.com.ua/offer/zapecenij-ajsi-krevetka,https://firebasestorage.googleapis.com/v0/b/webui-f781c.appspot.com/o/velukuilubin%2Fzapeceni-v-duhovci%2F_.jpg?alt=media&token=b2c8f87c-309d-4c33-9881-ba42fbbd4f9a
Запечений спайсі мідія,Запечені в духовці,zapeceni-v-duhovci,175,,,рис; норі; айсберг; мідія; сир.,https://sushilubin.com.ua/offer/zapecenij-spajsi-midia,https://firebasestorage.googleapis.com/v0/b/webui-f781c.appspot.com/o/velukuilubin%2Fzapeceni-v-duhovci%2F_.jpg?alt=media&token=e94f0698-5496-4df1-bffb-190242202175
Запечений з крабом,Запечені в духовці,zapeceni-v-duhovci,195,,,рис; норі; ікра масаго; краб.,https://sushilubin.com.ua/offer/zapecenij-z-krabom,https://firebasestorage.googleapis.com/v0/b/webui-f781c.appspot.com/o/velukuilubin%2Fzapeceni-v-duhovci%2F_.jpg?alt=media&token=b8e3b465-db88-43be-86c5-0250fd7215c7
Запечений з вугром,Запечені в духовці,zapeceni-v-duhovci,240,,,рис; норі; вугор; авокадо; сир.,https://sushilubin.com.ua/offer/zapecenij-z-vugrom,https://firebasestorage.googleapis.com/v0/b/webui-f781c.appspot.com/o/velukuilubin%2Fzapeceni-v-duhovci%2F_.jpg?alt=media&token=8bdb789e-3a9e-4a01-908d-c29f4450de66
